[
	{ "name": "Paulina", "age": 32, "id": 1 },
	{ "name": "justyzas", "age": "38", "id": 1 },
	{ "name": "Virgis", "age": "22", "id": 1 },
	{ "name": "justyzas", "age": "36", "id": 1 },
	{ "name": "Liepa3", "age": "33", "id": 1 },
	{ "name": "justas", "age": "33", "id": 1 },
	{ "name": "justas", "age": "999", "id": 1 },
	{ "name": "Monika", "age": "30", "id": 1 },
	{ "name": "Monika", "age": "-300", "id": 1 },
	{ "name": "Monika", "age": "0", "id": 1 },
	{ "name": "Julius", "age": "43", "id": 1 },
	{ "name": "Julius", "age": "43", "id": 1 },
	{ "name": "Julius", "age": "43", "id": 1 },
	{ "name": "Justinas", "age": "46", "id": 1 },
	{ "name": "Justinas", "age": "46", "id": 1 },
	{ "name": "Andrius", "age": "22", "id": 1 },
	{ "name": "Tomas", "age": 29, "id": 1 }
]
