{
	"lt": {
		"1": "Pirmadienis",
		"2": "Antradienis",
		"3": "Trečiadienis",
		"4": "Ketvirtadienis",
		"5": "Penktadienis",
		"6": "Šeštadienis",
		"7": "Sekmadienis"
	},
	"en": {
		"1": "Monday",
		"2": "Tuesday",
		"3": "Wednesday",
		"4": "Thursday",
		"5": "Friday",
		"6": "Saturday",
		"7": "Sunday"
	},
	"de": {
		"1": "Montag",
		"2": "Dienstag",
		"3": "Mittwoch",
		"4": "Donnerstag",
		"5": "Freitag",
		"6": "Samstag",
		"7": "Sonntag"
	},
	"ru": {
		"1": "Понедельник",
		"2": "Вторник",
		"3": "Среда",
		"4": "Четверг",
		"5": "Пятница",
		"6": "Суббота",
		"7": "Воскресенье"
	}
}
