{
	"temperatureData": {
		"city": "Warsaw",
		"data": [
			{
				"date": "2024-10-01",
				"hourlyTemperatures": {
					"00:00": 14.2,
					"01:00": 13.9,
					"02:00": 13.7,
					"03:00": 13.5,
					"04:00": 13.3,
					"05:00": 13.1,
					"06:00": 12.9,
					"07:00": 12.7,
					"08:00": 13.0,
					"09:00": 14.5,
					"10:00": 16.0,
					"11:00": 17.4,
					"12:00": 18.9,
					"13:00": 19.5,
					"14:00": 20.0,
					"15:00": 19.8,
					"16:00": 19.2,
					"17:00": 18.5,
					"18:00": 17.8,
					"19:00": 16.9,
					"20:00": 16.2,
					"21:00": 15.6,
					"22:00": 15.0,
					"23:00": 14.8
				}
			},
			{
				"date": "2024-10-02",
				"hourlyTemperatures": {
					"00:00": 14.5,
					"01:00": 14.3,
					"02:00": 14.0,
					"03:00": 13.8,
					"04:00": 13.6,
					"05:00": 13.4,
					"06:00": 13.1,
					"07:00": 13.3,
					"08:00": 14.2,
					"09:00": 15.7,
					"10:00": 17.1,
					"11:00": 18.4,
					"12:00": 19.6,
					"13:00": 20.3,
					"14:00": 20.8,
					"15:00": 20.5,
					"16:00": 19.7,
					"17:00": 18.9,
					"18:00": 18.0,
					"19:00": 17.1,
					"20:00": 16.5,
					"21:00": 16.0,
					"22:00": 15.4,
					"23:00": 15.1
				}
			},
			{
				"date": "2024-10-03",
				"hourlyTemperatures": {
					"00:00": 14.8,
					"01:00": 14.5,
					"02:00": 14.2,
					"03:00": 14.0,
					"04:00": 13.7,
					"05:00": 13.5,
					"06:00": 13.2,
					"07:00": 13.0,
					"08:00": 13.8,
					"09:00": 15.1,
					"10:00": 16.4,
					"11:00": 17.5,
					"12:00": 18.7,
					"13:00": 19.4,
					"14:00": 20.0,
					"15:00": 19.7,
					"16:00": 19.0,
					"17:00": 18.3,
					"18:00": 17.5,
					"19:00": 16.8,
					"20:00": 16.0,
					"21:00": 15.5,
					"22:00": 15.0,
					"23:00": 14.6
				}
			},
			{
				"date": "2024-10-04",
				"hourlyTemperatures": {
					"00:00": 14.3,
					"01:00": 14.0,
					"02:00": 13.8,
					"03:00": 13.6,
					"04:00": 13.4,
					"05:00": 13.2,
					"06:00": 13.0,
					"07:00": 12.8,
					"08:00": 13.1,
					"09:00": 14.4,
					"10:00": 15.9,
					"11:00": 17.2,
					"12:00": 18.5,
					"13:00": 19.2,
					"14:00": 19.7,
					"15:00": 19.4,
					"16:00": 18.8,
					"17:00": 18.1,
					"18:00": 17.4,
					"19:00": 16.5,
					"20:00": 15.9,
					"21:00": 15.3,
					"22:00": 14.9,
					"23:00": 14.5
				}
			},
			{
				"date": "2024-10-05",
				"hourlyTemperatures": {
					"00:00": 14.2,
					"01:00": 13.9,
					"02:00": 13.7,
					"03:00": 13.5,
					"04:00": 13.3,
					"05:00": 13.1,
					"06:00": 12.9,
					"07:00": 12.7,
					"08:00": 13.0,
					"09:00": 14.2,
					"10:00": 15.6,
					"11:00": 16.9,
					"12:00": 18.2,
					"13:00": 18.8,
					"14:00": 19.3,
					"15:00": 19.0,
					"16:00": 18.4,
					"17:00": 17.6,
					"18:00": 16.9,
					"19:00": 16.2,
					"20:00": 15.5,
					"21:00": 15.0,
					"22:00": 14.6,
					"23:00": 14.3
				}
			}
		]
	}
}
